<?xml version="1.0" encoding="utf-8"?>
<modification>
	<name>Full Positions</name>
	<version>1.1</version>
	<author>REDS</author>
	<link>https://www.agenciaprai.com/</link>
	<code>full_position</code>
	<description>Full layout</description>
	
	<file path="catalog/controller/*/*.php">
		<operation>
			<search><![CDATA[ $data['column_left'] = $this->load->controller('common/column_left'); ]]></search>
			<add position="after"><![CDATA[
			$data['content_top_full'] = $this->load->controller('common/full_top');
			$data['content_bottom_full'] = $this->load->controller('common/full_bottom');
			$data['content_middle'] = $this->load->controller('common/content_middle');
			]]></add>
		</operation>
	</file>
	<file path="catalog/view/theme/*/template/*/*.twig">
		<operation>
			<search><![CDATA[{{ header }}]]></search>
			<add position="after"><![CDATA[
			{% if content_top_full %}
			<div class="container-fluid">{{ content_top_full }}</div>
			{% endif %}
			]]></add>
		</operation>
		<operation>
			<search><![CDATA[{{ content_bottom }}]]></search>
			<add position="after"><![CDATA[
				{{ content_middle }}
			]]></add>
		</operation>
		<operation>
			<search><![CDATA[{{ footer }}]]></search>
			<add position="before"><![CDATA[
			{% if content_bottom_full %}
			<div class="container-fluid">{{ content_bottom_full }}</div>
			{% endif %}
			]]></add>
		</operation>
	</file>
	
	<file path="admin/language/*/design/layout.php">
		<operation>
			<search><![CDATA[// Column]]></search>
			<add position="before"><![CDATA[
			$_['text_content_middle']  = 'Conteudo do meio <span class="text-danger">(Home)</span>';
			$_['text_full_top']    		= 'Topo Full <span class="text-danger">(Home)</span>';
			$_['text_full_bottom']    = 'Rodapé Full <span class="text-danger">(Home)</span>';
			]]></add>
		</operation>
	</file>
	<file path="admin/view/template/design/layout_form.twig">
		<operation>
			<search><![CDATA[ 
			<div class="col-lg-6 col-md-4 col-sm-12">
			]]></search>
			<add position="after"><![CDATA[ 
			<table id="module-full-top" class="table table-striped table-bordered table-hover">
									<thead>
										<tr>
											<td class="text-center">{{ text_full_top }}</td>
										</tr>
									</thead>
									<tbody>
										{% for layout_module in layout_modules %} 
										{% if (layout_module['position'] == 'full_top') %} 
										<tr id="module-row{{ module_row }}">
											<td class="text-left">
												<div class="input-group">
													<select name="layout_module[{{ module_row }}][code]" class="form-control input-sm">
														{% for extension in extensions %} 
														<optgroup label="{{ extension['name'] }}">
															{% if (not extension['module']) %} 
															{% if (extension['code'] == layout_module['code']) %} 
															<option value="{{ extension['code'] }}" selected="selected">{{ extension['name'] }}</option>
															{% else %} 
															<option value="{{ extension['code'] }}">{{ extension['name'] }}</option>
															{% endif %} 
															{% else %} 
															{% for module in extension['module'] %} 
															{% if (module['code'] == layout_module['code']) %} 
															<option value="{{ module['code'] }}" selected="selected">{{ module['name'] }}</option>
															{% else %} 
															<option value="{{ module['code'] }}">{{ module['name'] }}</option>
															{% endif %} 
															{% endfor %} 
															{% endif %} 
														</optgroup>
														{% endfor %} 
													</select>
													<input type="hidden" name="layout_module[{{ module_row }}][position]" value="{{ layout_module['position'] }}" />
													<input type="hidden" name="layout_module[{{ module_row }}][sort_order]" value="{{ layout_module['sort_order'] }}" />
													<div class="input-group-btn"> <a href="{{ layout_module['edit'] }}" type="button" data-toggle="tooltip" title="{{ button_edit }}" target="_blank" class="btn btn-primary btn-sm"><i class="fa fa-pencil"></i></a>
														<button type="button" onclick="$('#module-row{{ module_row }}').remove();" data-toggle="tooltip" title="{{ button_remove }}" class="btn btn-danger btn-sm"><i class="fa fa fa-minus-circle"></i></button>
													</div>
												</div>
											</td>
										</tr>
										{% set module_row = module_row + 1 %} 
										{% endif %} 
										{% endfor %} 
									</tbody>
									<tfoot>
										<tr>
											<td class="text-left">
												<div class="input-group">
													<select class="form-control input-sm">
														{% for extension in extensions %} 
														<optgroup label="{{ extension['name'] }}">
															{% if (not extension['module']) %} 
															<option value="{{ extension['code'] }}">{{ extension['name'] }}</option>
															{% else %} 
															{% for module in extension['module'] %} 
															<option value="{{ module['code'] }}">{{ module['name'] }}</option>
															{% endfor %} 
															{% endif %} 
														</optgroup>
														{% endfor %} 
													</select>
													<div class="input-group-btn">
														<button type="button" onclick="addModule('full-top');" data-toggle="tooltip" title="{{ button_module_add }}" class="btn btn-primary btn-sm"><i class="fa fa-plus-circle"></i></button>
													</div>
												</div>
											</td>
										</tr>
									</tfoot>
								</table>
								{# content middle #}
								<table id="module-content-middle" class="table table-striped table-bordered table-hover">
									<thead>
										<tr>
											<td class="text-center">{{ text_content_middle }}</td>
										</tr>
									</thead>
									<tbody>
										{% for layout_module in layout_modules %}
										{% if layout_module.position == 'content_middle' %}
										<tr id="module-row{{ module_row }}">
											<td class="text-left">
												<div class="input-group">
													<select name="layout_module[{{ module_row }}][code]" class="form-control input-sm">
														{% for extension in extensions %}
														<optgroup label="{{ extension.name }}">
															{% if not extension.module %}
															{% if extension.code == layout_module.code %}
															<option value="{{ extension.code }}" selected="selected">{{ extension.name }}</option>
															{% else %}
															<option value="{{ extension.code }}">{{ extension.name }}</option>
															{% endif %}
															{% else %}
															{% for module in extension.module %}
															{% if module.code == layout_module.code %}
															<option value="{{ module.code }}" selected="selected">{{ module.name }}</option>
															{% else %}
															<option value="{{ module.code }}">{{ module.name }}</option>
															{% endif %}
															{% endfor %}
															{% endif %}
														</optgroup>
														{% endfor %}
													</select>
													<input type="hidden" name="layout_module[{{ module_row }}][position]" value="{{ layout_module.position }}" />
													<input type="hidden" name="layout_module[{{ module_row }}][sort_order]" value="{{ layout_module.sort_order }}" />
													<div class="input-group-btn"><a href="{{ layout_module.edit }}" type="button" data-toggle="tooltip" title="{{ button_edit }}" target="_blank" class="btn btn-primary btn-sm"><i class="fa fa-pencil"></i></a>
														<button type="button" onclick="$('#module-row{{ module_row }}').remove();" data-toggle="tooltip" title="{{ button_remove }}" class="btn btn-danger btn-sm"><i class="fa fa fa-minus-circle"></i></button>
													</div>
												</div>
											</td>
										</tr>
										{% set module_row = module_row + 1 %}
										{% endif %}
										{% endfor %}
									</tbody>
									<tfoot>
										<tr>
											<td class="text-left">
												<div class="input-group">
													<select class="form-control input-sm">
														<option value=""></option>
														{% for extension in extensions %}
														<optgroup label="{{ extension.name }}">
															{% if not extension.module %}
															<option value="{{ extension.code }}">{{ extension.name }}</option>
															{% else %}
															{% for module in extension.module %}
															<option value="{{ module.code }}">{{ module.name }}</option>
															{% endfor %}
															{% endif %}
														</optgroup>
														{% endfor %}
													</select>
													<div class="input-group-btn">
														<button type="button" onclick="addModule('content-middle');" data-toggle="tooltip" title="{{ button_module_add }}" class="btn btn-primary btn-sm"><i class="fa fa-plus-circle"></i></button>
													</div>
												</div>
											</td>
										</tr>
									</tfoot>
								</table>
								{# full bottom #}
								<table id="module-full-bottom" class="table table-striped table-bordered table-hover">
									<thead>
										<tr>
											<td class="text-center">{{ text_full_bottom }}</td>
										</tr>
									</thead>
									<tbody>
										{% for layout_module in layout_modules %} 
										{% if (layout_module['position'] == 'full_bottom') %} 
										<tr id="module-row{{ module_row }}">
											<td class="text-left">
												<div class="input-group">
													<select name="layout_module[{{ module_row }}][code]" class="form-control input-sm">
														{% for extension in extensions %} 
														<optgroup label="{{ extension['name'] }}">
															{% if (not extension['module']) %} 
															{% if (extension['code'] == layout_module['code']) %} 
															<option value="{{ extension['code'] }}" selected="selected">{{ extension['name'] }}</option>
															{% else %} 
															<option value="{{ extension['code'] }}">{{ extension['name'] }}</option>
															{% endif %} 
															{% else %} 
															{% for module in extension['module'] %} 
															{% if (module['code'] == layout_module['code']) %} 
															<option value="{{ module['code'] }}" selected="selected">{{ module['name'] }}</option>
															{% else %} 
															<option value="{{ module['code'] }}">{{ module['name'] }}</option>
															{% endif %} 
															{% endfor %} 
															{% endif %} 
														</optgroup>
														{% endfor %} 
													</select>
													<input type="hidden" name="layout_module[{{ module_row }}][position]" value="{{ layout_module['position'] }}" />
													<input type="hidden" name="layout_module[{{ module_row }}][sort_order]" value="{{ layout_module['sort_order'] }}" />
													<div class="input-group-btn"> <a href="{{ layout_module['edit'] }}" type="button" data-toggle="tooltip" title="{{ button_edit }}" target="_blank" class="btn btn-primary btn-sm"><i class="fa fa-pencil"></i></a>
														<button type="button" onclick="$('#module-row{{ module_row }}').remove();" data-toggle="tooltip" title="{{ button_remove }}" class="btn btn-danger btn-sm"><i class="fa fa fa-minus-circle"></i></button>
													</div>
												</div>
											</td>
										</tr>
										{% set module_row = module_row + 1 %} 
										{% endif %} 
										{% endfor %} 
									</tbody>
									<tfoot>
										<tr>
											<td class="text-left"><div class="input-group">
												<select class="form-control input-sm">
													{% for extension in extensions %} 
													<optgroup label="{{ extension['name'] }}">
														{% if (not extension['module']) %} 
														<option value="{{ extension['code'] }}">{{ extension['name'] }}</option>
														{% else %} 
														{% for module in extension['module'] %} 
														<option value="{{ module['code'] }}">{{ module['name'] }}</option>
														{% endfor %} 
														{% endif %} 
													</optgroup>
													{% endfor %} 
												</select>
												<div class="input-group-btn">
													<button type="button" onclick="addModule('full-bottom');" data-toggle="tooltip" title="{{ button_module_add }}" class="btn btn-primary btn-sm"><i class="fa fa-plus-circle"></i></button>
												</div>
											</div>
											</td>
										</tr>
									</tfoot>
								</table>
			]]></add>
		</operation>
		<operation>
			<search><![CDATA[ $('#module-column-left, #module-column-right, #module-content-top, #module-content-bottom').delegate('select[name*=\'code\']', 'change', function() {]]></search>
			<add position="replace"><![CDATA[ 
			$('#module-column-left, #module-column-right, #module-full-top, #module-full-bottom, #module-content-top, #module-content-bottom').delegate('select[name*=\'code\']', 'change', function() {
			]]></add>
		</operation>
		<operation>
			<search><![CDATA[ $('#module-column-left, #module-column-right, #module-content-top, #module-content-bottom').trigger('change'); ]]></search>
			<add position="replace"><![CDATA[
			$('#module-column-left, #module-column-right, #module-full-top, #module-full-bottom, #module-content-top, #module-content-bottom').trigger('change');
			]]></add>
		</operation>
	</file>
</modification>